{
  "type": "service_account",
  "project_id": "trials-of-titan-android",
  "private_key_id": "--- GOOGLE PRIVATE KEY ID ---",
  "private_key": "--- GOOGLE PRIVATE KEY ---",
  "client_email": "--- GOOGLE CLIENT EMAIL ---",
  "client_id": "--- GOOGLE CLIENT ID ---",
  "auth_uri": "https://accounts.google.com/o/oauth2/auth",
  "token_uri": "https://oauth2.googleapis.com/token",
  "auth_provider_x509_cert_url": "https://www.googleapis.com/oauth2/v1/certs",
  "client_x509_cert_url": "--- GOOGLE CLIENT CERT URL ---"
}